object_name,id,pos_x,pos_y,pos_z,rot_x,rot_y,rot_z,size_x,size_y,size_z
chair,56,5.604174296061198,6.43734073638916,6.21173558080038,165.75063649137306,316.08909798920126,238.16063057421073,1,1,1
chair,56,5.532910664876302,5.1140241622924805,4.482297366659872,89.44330070104441,1.4292939516095826,115.96920885545839,1,1,1
chair,56,9.64418707953559,6.276055335998535,2.3714962147668484,43.77023463200092,186.15780241310497,36.13361249851573,1,1,1
TV,62,1.0144587622748482,4.77804958820343,9.546761826530064,99.27273592956456,108.4261343941222,86.21565799231554,1,1,1
sink,71,2.0979137420654297,9.367835998535156,6.249155786629106,175.7250541887234,24.68963021667308,115.15123065573309,1,1,1
