object_name,id,pos_x,pos_y,pos_z,rot_x,rot_y,rot_z,size_x,size_y,size_z
chair,56,5.604174296061198,6.43734073638916,4.664846842006698,161.07966309456765,311.2997891278621,30.57145051959551,1,1,1
chair,56,5.532910664876302,5.1140241622924805,3.4171777809936223,287.7400004930828,121.4903703291505,280.87398762505114,1,1,1
chair,56,9.64418707953559,6.276055335998535,7.718529001086042,201.4341481081209,293.91635275652794,52.294407680759456,1,1,1
tv,62,1.0144582324557834,4.778049468994141,8.89573620182838,124.95839112828372,172.23305535242565,41.7447425658204,1,1,1
sink,71,2.097913530137804,9.367835998535156,8.267475247679561,32.305465829518646,36.10417047860783,228.23301958322926,1,1,1
