object_name,id,pos_x,pos_y,pos_z,rot_x,rot_y,rot_z,size_x,size_y,size_z
chair,56,5.604174296061198,6.43734073638916,6.715569674131715,108.3702693303973,255.30825741503097,34.21471304197371,1,1,1
chair,56,5.532910664876302,5.1140241622924805,8.960807105321143,347.44893025087805,172.14499016497427,59.0851152228339,1,1,1
chair,56,9.64418707953559,6.276055335998535,6.836651986907155,108.63858191503144,338.61911263241393,100.84450951619853,1,1,1
TV,62,1.0144587622748482,4.77804958820343,3.8252385865486027,275.3225142976194,209.56603078029028,303.0684057783232,1,1,1
sink,71,2.0979137420654297,9.367835998535156,5.963005955266029,45.91988270615016,40.86380674008605,22.45962702167847,1,1,1
